Package,LibPath,Version,Priority,Depends,Imports,LinkingTo,Suggests,Enhances,License,License_is_FOSS,License_restricts_use,OS_type,MD5sum,NeedsCompilation,Built
acepack,/usr/local/lib/R/site-library,1.4.1,NA,NA,NA,NA,testthat,NA,MIT + file LICENSE,NA,NA,NA,NA,yes,3.5.1
askpass,/usr/local/lib/R/site-library,1.1,NA,NA,sys (>= 2.1),NA,testthat,NA,MIT + file LICENSE,NA,NA,NA,NA,yes,3.5.1
assertthat,/usr/local/lib/R/site-library,0.2.0,NA,NA,tools,NA,testthat,NA,GPL-3,NA,NA,NA,NA,no,3.5.1
backports,/usr/local/lib/R/site-library,1.1.3,NA,R (>= 3.0.0),utils,NA,NA,NA,GPL-2,NA,NA,NA,NA,yes,3.5.1
base64enc,/usr/local/lib/R/site-library,0.1-3,NA,R (>= 2.9.0),NA,NA,NA,png,GPL-2 | GPL-3,NA,NA,NA,NA,yes,3.5.1
BH,/usr/local/lib/R/site-library,1.66.0-1,NA,NA,NA,NA,NA,NA,BSL-1.0,NA,NA,NA,NA,no,3.5.1
bindr,/usr/local/lib/R/site-library,0.1.1,NA,NA,NA,NA,testthat,NA,MIT + file LICENSE,NA,NA,NA,NA,no,3.5.1
bindrcpp,/usr/local/lib/R/site-library,0.2.2,NA,NA,"bindr (>= 0.1.1), Rcpp (>= 0.12.16)","plogr, Rcpp",testthat,NA,MIT + file LICENSE,NA,NA,NA,NA,yes,3.5.1
bit,/usr/local/lib/R/site-library,4.0.4,NA,R (>= 2.9.2),NA,NA,"testthat (>= 0.11.0), roxygen2, knitr, rmarkdown,
microbenchmark, bit64 (>= 4.0.0), ff (>= 4.0.0)",NA,GPL-2 | GPL-3,NA,NA,NA,NA,yes,3.5.1
bit64,/usr/local/lib/R/site-library,4.0.5,NA,"R (>= 3.0.1), bit (>= 4.0.0), utils, methods, stats",NA,NA,NA,NA,GPL-2 | GPL-3,NA,NA,NA,NA,yes,3.5.1
blob,/usr/local/lib/R/site-library,1.2.3,NA,NA,"methods, rlang, vctrs (>= 0.2.1)",NA,"covr, crayon, pillar (>= 1.2.1), testthat",NA,MIT + file LICENSE,NA,NA,NA,NA,no,3.5.1
cachem,/usr/local/lib/R/site-library,1.0.6,NA,NA,"rlang, fastmap",NA,testthat,NA,MIT + file LICENSE,NA,NA,NA,NA,yes,3.5.1
callr,/usr/local/lib/R/site-library,3.1.0,NA,NA,"processx (>= 3.2.1), R6, utils",NA,"covr, crayon, pingr, ps, testthat, withr",NA,MIT + file LICENSE,NA,NA,NA,NA,no,3.5.1
checkmate,/usr/local/lib/R/site-library,2.1.0,NA,R (>= 3.0.0),"backports (>= 1.1.0), utils",NA,"R6, fastmatch, data.table (>= 1.9.8), devtools, ggplot2,
knitr, magrittr, microbenchmark, rmarkdown, testthat (>=
3.0.4), tinytest (>= 1.1.0), tibble",NA,BSD_3_clause + file LICENSE,NA,NA,NA,NA,yes,3.5.1
cli,/usr/local/lib/R/site-library,3.3.0,NA,R (>= 3.4),"glue (>= 1.6.0), utils",NA,"asciicast, callr, covr, digest, grDevices, htmltools,
htmlwidgets, knitr, methods, mockery, processx, ps (>=
1.3.4.9000), rlang, rmarkdown, rstudioapi, shiny, testthat,
tibble, whoami, withr",NA,MIT + file LICENSE,NA,NA,NA,NA,yes,3.5.1
clipr,/usr/local/lib/R/site-library,0.4.1,NA,NA,utils,NA,"rstudioapi (>= 0.5), testthat, covr",NA,GPL-3,NA,NA,NA,NA,no,3.5.1
clisymbols,/usr/local/lib/R/site-library,1.2.0,NA,NA,NA,NA,testthat,NA,MIT + file LICENSE,NA,NA,NA,NA,no,3.5.1
colorspace,/usr/local/lib/R/site-library,1.3-2,NA,"R (>= 2.13.0), methods","graphics, grDevices",NA,"datasets, stats, utils, KernSmooth, MASS, kernlab, mvtnorm,
vcd, dichromat, tcltk, shiny, shinyjs",NA,BSD_3_clause + file LICENSE,NA,NA,NA,NA,yes,3.5.1
crayon,/usr/local/lib/R/site-library,1.3.4,NA,NA,"grDevices, methods, utils",NA,"mockery, rstudioapi, testthat, withr",NA,MIT + file LICENSE,NA,NA,NA,NA,no,3.5.1
credentials,/usr/local/lib/R/site-library,1.3.2,NA,NA,"openssl (>= 1.3), sys (>= 2.1), curl, jsonlite, askpass",NA,"testthat, knitr, rmarkdown",NA,MIT + file LICENSE,NA,NA,NA,NA,no,3.5.1
crosstalk,/usr/local/lib/R/site-library,1.2.0,NA,NA,"htmltools (>= 0.3.6), jsonlite, lazyeval, R6",NA,"shiny, ggplot2, testthat (>= 2.1.0), sass, bslib",NA,MIT + file LICENSE,NA,NA,NA,NA,no,3.5.1
curl,/usr/local/lib/R/site-library,3.2,NA,R (>= 3.0.0),NA,NA,"spelling, testthat (>= 1.0.0), knitr, jsonlite, rmarkdown,
magrittr, httpuv, webutils",NA,MIT + file LICENSE,NA,NA,NA,NA,yes,3.5.1
data.table,/usr/local/lib/R/site-library,1.11.8,NA,R (>= 3.1.0),methods,NA,"bit64, curl, R.utils, knitr, xts, nanotime, zoo",NA,MPL-2.0 | file LICENSE,NA,NA,NA,NA,yes,3.5.1
DBI,/usr/local/lib/R/site-library,1.1.3,NA,"methods, R (>= 3.0.0)",NA,NA,"blob, covr, DBItest, dbplyr, downlit, dplyr, glue, hms,
knitr, magrittr, RMariaDB, rmarkdown, rprojroot, RSQLite (>=
1.1-2), testthat, xml2",NA,LGPL (>= 2.1),NA,NA,NA,NA,no,3.5.1
dbplyr,/usr/local/lib/R/site-library,2.2.1,NA,R (>= 3.1),"assertthat (>= 0.2.0), blob (>= 1.2.0), cli (>= 3.3.0), DBI
(>= 1.0.0), dplyr (>= 1.0.9), glue (>= 1.2.0), lifecycle (>=
1.0.0), magrittr, methods, pillar (>= 1.5.0), purrr (>= 0.2.5),
R6 (>= 2.2.2), rlang (>= 1.0.0), tibble (>= 1.4.2), tidyselect
(>= 0.2.4), utils, vctrs (>= 0.4.1), withr",NA,"bit64, covr, knitr, Lahman, nycflights13, odbc, RMariaDB (>=
1.0.2), rmarkdown, RPostgres (>= 1.1.3), RPostgreSQL, RSQLite
(>= 2.1.0), testthat (>= 3.0.2), tidyr (>= 1.2.0)",NA,MIT + file LICENSE,NA,NA,NA,NA,no,3.5.1
desc,/usr/local/lib/R/site-library,1.2.0,NA,R (>= 3.1.0),"assertthat, utils, R6, crayon, rprojroot",NA,"covr, testthat, whoami, withr",NA,MIT + file LICENSE,NA,NA,NA,NA,no,3.5.1
devtools,/usr/local/lib/R/site-library,2.0.1,NA,R (>= 3.0.2),"callr, cli, digest, git2r (>= 0.23.0), httr (>= 0.4),
jsonlite, memoise (>= 1.0.0), pkgbuild (>= 1.0.2), pkgload (>=
1.0.1), rcmdcheck (>= 1.3.0), remotes (>= 2.0.0), rstudioapi
(>= 0.6.0.9000), sessioninfo, stats, tools, usethis (>= 1.4.0),
utils, withr",NA,"BiocInstaller, BiocManager, bitops, covr (>= 3.2.0), crayon,
curl (>= 0.9), evaluate, foghorn (>= 1.0.1), gmailr (> 0.7.0),
knitr, lintr (>= 0.2.1), mockery, pingr, MASS, pkgdown, Rcpp
(>= 0.10.0), rhub, rmarkdown, roxygen2 (>= 6.1.0), rversions,
spelling (>= 1.1), testthat (>= 1.0.2), whisker",NA,GPL (>= 2),NA,NA,NA,NA,no,3.5.1
digest,/usr/local/lib/R/site-library,0.6.18,NA,R (>= 3.1.0),NA,NA,"knitr, rmarkdown",NA,GPL (>= 2),NA,NA,NA,NA,yes,3.5.1
docopt,/usr/local/lib/R/site-library,0.6.1,NA,NA,methods,NA,testthat,NA,MIT + file LICENSE,NA,NA,NA,NA,no,3.5.1
dplyr,/usr/local/lib/R/site-library,1.0.9,NA,R (>= 3.4.0),"generics, glue (>= 1.3.2), lifecycle (>= 1.0.1), magrittr (>=
1.5), methods, R6, rlang (>= 1.0.2), tibble (>= 2.1.3),
tidyselect (>= 1.1.1), utils, vctrs (>= 0.4.1), pillar (>=
1.5.1)",NA,"bench, broom, callr, covr, DBI, dbplyr (>= 1.4.3), ggplot2,
knitr, Lahman, lobstr, microbenchmark, nycflights13, purrr,
rmarkdown, RMySQL, RPostgreSQL, RSQLite, testthat (>= 3.1.1),
tidyr, withr",NA,MIT + file LICENSE,NA,NA,NA,NA,yes,3.5.1
DT,/usr/local/lib/R/site-library,0.23,NA,NA,"htmltools (>= 0.3.6), htmlwidgets (>= 1.3), jsonlite (>=
0.9.16), magrittr, crosstalk, jquerylib, promises",NA,"knitr (>= 1.8), rmarkdown, shiny (>= 1.6), bslib, testit",NA,GPL-3 | file LICENSE,NA,NA,NA,NA,no,3.5.1
ellipsis,/usr/local/lib/R/site-library,0.3.2,NA,R (>= 3.2),rlang (>= 0.3.0),NA,"covr, testthat",NA,MIT + file LICENSE,NA,NA,NA,NA,yes,3.5.1
evaluate,/usr/local/lib/R/site-library,0.12,NA,R (>= 3.0.2),methods,NA,"testthat, lattice, ggplot2",NA,MIT + file LICENSE,NA,NA,NA,NA,no,3.5.1
fansi,/usr/local/lib/R/site-library,1.0.3,NA,R (>= 3.1.0),"grDevices, utils",NA,"unitizer, knitr, rmarkdown",NA,GPL-2 | GPL-3,NA,NA,NA,NA,yes,3.5.1
fastmap,/usr/local/lib/R/site-library,1.1.0,NA,NA,NA,NA,testthat (>= 2.1.1),NA,MIT + file LICENSE,NA,NA,NA,NA,yes,3.5.1
formatR,/usr/local/lib/R/site-library,1.5,NA,R (>= 3.0.2),NA,NA,"codetools, shiny, testit, rmarkdown, knitr",NA,GPL,NA,NA,NA,NA,no,3.5.1
Formula,/usr/local/lib/R/site-library,1.2-3,NA,"R (>= 2.0.0), stats",NA,NA,NA,NA,GPL-2 | GPL-3,NA,NA,NA,NA,no,3.5.1
fs,/usr/local/lib/R/site-library,1.2.6,NA,R (>= 3.1),"methods, Rcpp",Rcpp,"testthat, covr, pillar (>= 1.0.0), crayon, withr",NA,GPL-3,NA,NA,NA,NA,yes,3.5.1
gdtools,/usr/local/lib/R/site-library,0.1.7,NA,NA,"Rcpp (>= 0.12.12), withr",Rcpp,"htmltools, testthat, fontquiver (>= 0.2.0), curl",NA,GPL-3 | file LICENSE,NA,NA,NA,NA,yes,3.5.1
generics,/usr/local/lib/R/site-library,0.1.3,NA,R (>= 3.2),methods,NA,"covr, pkgload, testthat (>= 3.0.0), tibble, withr",NA,MIT + file LICENSE,NA,NA,NA,NA,no,3.5.1
ggiraph,/usr/local/lib/R/site-library,0.6.0,NA,NA,"grid, ggplot2 (>= 3.0.0), htmlwidgets (>= 0.6), stats, xml2
(>= 1.0.0), htmltools, Rcpp (>= 0.12.12), gdtools (>= 0.1.6),","Rcpp, gdtools","knitr, testthat, rmarkdown, maps, shiny, sf (>= 0.3-4), dplyr",NA,GPL-3,NA,NA,NA,NA,yes,3.5.1
ggplot2,/usr/local/lib/R/site-library,3.1.0,NA,R (>= 3.1),"digest, grid, gtable (>= 0.1.1), lazyeval, MASS, mgcv, plyr
(>= 1.7.1), reshape2, rlang (>= 0.2.1), scales (>= 0.5.0),
stats, tibble, viridisLite, withr (>= 2.0.0)",NA,"covr, dplyr, ggplot2movies, hexbin, Hmisc, lattice, mapproj,
maps, maptools, multcomp, munsell, nlme, testthat (>= 0.11.0),
vdiffr, quantreg, knitr, rgeos, rpart, rmarkdown, sf (>=
0.3-4), svglite (>= 1.2.0.9001)",sp,GPL-2 | file LICENSE,NA,NA,NA,NA,no,3.5.1
gh,/usr/local/lib/R/site-library,1.0.1,NA,NA,"ini, jsonlite, httr",NA,"covr, pingr, testthat",NA,MIT + file LICENSE,NA,NA,NA,NA,no,3.5.1
git2r,/usr/local/lib/R/site-library,0.23.0,NA,R (>= 3.1),"graphics, utils",NA,getPass,NA,GPL-2,NA,NA,NA,NA,yes,3.5.1
glue,/usr/local/lib/R/site-library,1.6.2,NA,R (>= 3.4),methods,NA,"covr, crayon, DBI, dplyr, forcats, ggplot2, knitr, magrittr,
microbenchmark, R.utils, rmarkdown, rprintf, RSQLite, stringr,
testthat (>= 3.0.0), vctrs (>= 0.3.0), waldo (>= 0.3.0), withr",NA,MIT + file LICENSE,NA,NA,NA,NA,yes,3.5.1
gridExtra,/usr/local/lib/R/site-library,2.3,NA,NA,"gtable, grid, grDevices, graphics, utils",NA,"ggplot2, egg, lattice, knitr, testthat",NA,GPL (>= 2),NA,NA,NA,NA,no,3.5.1
gtable,/usr/local/lib/R/site-library,0.2.0,NA,R (>= 2.14),grid,NA,"testthat, covr",NA,GPL-2,NA,NA,NA,NA,no,3.5.1
highr,/usr/local/lib/R/site-library,0.7,NA,R (>= 3.0.2),NA,NA,"knitr, testit",NA,GPL,NA,NA,NA,NA,no,3.5.1
Hmisc,/usr/local/lib/R/site-library,4.1-1,NA,"lattice, survival (>= 2.40-1), Formula, ggplot2 (>= 2.2)","methods, latticeExtra, cluster, rpart, nnet, acepack, foreign,
gtable, grid, gridExtra, data.table, htmlTable (>= 1.11.0),
viridis, htmltools, base64enc",NA,"chron, rms, mice, tables, knitr, ff, ffbase, plotly (>=
4.5.6)",NA,GPL (>= 2),NA,NA,NA,NA,yes,3.5.1
hms,/usr/local/lib/R/site-library,0.4.2,NA,NA,"methods, pkgconfig, rlang",NA,"crayon, lubridate, pillar (>= 1.1.0), testthat",NA,GPL-3,NA,NA,NA,NA,no,3.5.1
htmlTable,/usr/local/lib/R/site-library,1.12,NA,NA,"stringr, knitr (>= 1.6), magrittr (>= 1.5), methods,
checkmate, htmlwidgets, htmltools, rstudioapi (>= 0.6)",NA,"testthat, XML, xtable, ztable, Hmisc, reshape, rmarkdown,
pander, chron, lubridate, tibble, tidyr (>= 0.7.2), dplyr (>=
0.7.4)",NA,GPL (>= 3),NA,NA,NA,NA,no,3.5.1
htmltools,/usr/local/lib/R/site-library,0.3.6,NA,R (>= 2.14.1),"utils, digest, Rcpp",Rcpp,"markdown, testthat",knitr,GPL (>= 2),NA,NA,NA,NA,yes,3.5.1
htmlwidgets,/usr/local/lib/R/site-library,1.3,NA,NA,"grDevices, htmltools (>= 0.3), jsonlite (>= 0.9.16), yaml",NA,knitr (>= 1.8),shiny (>= 1.1),MIT + file LICENSE,NA,NA,NA,NA,no,3.5.1
httpuv,/usr/local/lib/R/site-library,1.4.5.1,NA,"R (>= 2.15.1), methods","Rcpp (>= 0.11.0), utils, promises, later (>= 0.7.3)","Rcpp, BH, later","testthat, callr",NA,GPL (>= 2) | file LICENSE,NA,NA,NA,NA,yes,3.5.1
httr,/usr/local/lib/R/site-library,1.4.0,NA,R (>= 3.1),"curl (>= 0.9.1), jsonlite, mime, openssl (>= 0.8), R6",NA,"covr, httpuv, jpeg, knitr, png, readr, rmarkdown, testthat
(>= 0.8.0), xml2",NA,MIT + file LICENSE,NA,NA,NA,NA,no,3.5.1
ini,/usr/local/lib/R/site-library,0.3.1,NA,NA,NA,NA,testthat,NA,GPL-3,NA,NA,NA,NA,no,3.5.1
jquerylib,/usr/local/lib/R/site-library,0.1.4,NA,NA,htmltools,NA,testthat,NA,MIT + file LICENSE,NA,NA,NA,NA,no,3.5.1
jsonlite,/usr/local/lib/R/site-library,1.8.0,NA,methods,NA,NA,"httr, curl, vctrs, testthat, knitr, rmarkdown, R.rsp, sf",NA,MIT + file LICENSE,NA,NA,NA,NA,yes,3.5.1
knitr,/usr/local/lib/R/site-library,1.21,NA,R (>= 3.1.0),"evaluate (>= 0.10), highr, markdown, stringr (>= 0.6), yaml
(>= 2.1.19), methods, xfun, tools",NA,"formatR, testit, digest, rgl (>= 0.95.1201), codetools,
rmarkdown, htmlwidgets (>= 0.7), webshot, tikzDevice (>= 0.10),
tinytex, reticulate (>= 1.4), JuliaCall (>= 0.11.1), png, jpeg,
gifski, xml2 (>= 1.2.0), httr, DBI (>= 0.4-1), showtext,
tibble, styler",NA,GPL,NA,NA,NA,NA,no,3.5.1
labeling,/usr/local/lib/R/site-library,0.3,NA,NA,NA,NA,NA,NA,MIT + file LICENSE | Unlimited,NA,NA,NA,NA,no,3.5.1
later,/usr/local/lib/R/site-library,0.7.5,NA,NA,"Rcpp (>= 0.12.9), rlang","Rcpp, BH","knitr, rmarkdown, testthat",NA,GPL (>= 2),NA,NA,NA,NA,yes,3.5.1
latticeExtra,/usr/local/lib/R/site-library,0.6-28,NA,"R (>= 2.10.0), lattice, RColorBrewer","grid, stats, utils, grDevices",NA,"maps, mapproj, deldir, tripack, zoo, MASS, quantreg, mgcv",NA,GPL (>= 2),NA,NA,NA,NA,no,3.5.1
lazyeval,/usr/local/lib/R/site-library,0.2.1,NA,R (>= 3.1.0),NA,NA,"knitr, rmarkdown (>= 0.2.65), testthat, covr",NA,GPL-3,NA,NA,NA,NA,yes,3.5.1
lifecycle,/usr/local/lib/R/site-library,1.0.1,NA,R (>= 3.3),"glue, rlang (>= 0.4.10)",NA,"covr, crayon, lintr, tidyverse, knitr, rmarkdown, testthat
(>= 3.0.1), tools, tibble, vctrs",NA,MIT + file LICENSE,NA,NA,NA,NA,no,3.5.1
littler,/usr/local/lib/R/site-library,0.3.5,NA,NA,NA,NA,"knitr, docopt, rcmdcheck",NA,GPL (>= 2),NA,NA,unix,NA,yes,3.5.1
lubridate,/usr/local/lib/R/site-library,1.7.4,NA,"methods, R (>= 3.0.0)","stringr, Rcpp (>= 0.12.13),","Rcpp,","testthat, knitr, covr","chron, fts, timeSeries, timeDate, tis, tseries, xts, zoo",GPL (>= 2),NA,NA,NA,NA,yes,3.5.1
magrittr,/usr/local/lib/R/site-library,1.5,NA,NA,NA,NA,"testthat, knitr",NA,MIT + file LICENSE,NA,NA,NA,NA,no,3.5.1
markdown,/usr/local/lib/R/site-library,0.9,NA,R (>= 2.11.1),"utils, mime (>= 0.3)",NA,"knitr, RCurl",NA,GPL-2,NA,NA,NA,NA,yes,3.5.1
MatrixModels,/usr/local/lib/R/site-library,0.4-1,NA,R (>= 3.0.1),"stats, methods, Matrix (>= 1.1-5)",NA,NA,NA,GPL (>= 2),NA,NA,NA,NA,no,3.5.1
memoise,/usr/local/lib/R/site-library,1.1.0,NA,NA,digest (>= 0.6.3),NA,"testthat, aws.s3, httr, covr",NA,MIT + file LICENSE,NA,NA,NA,NA,no,3.5.1
memuse,/usr/local/lib/R/site-library,4.0-0,NA,R (>= 3.0.0),"methods, utils",NA,NA,NA,BSD 2-clause License + file LICENSE,NA,NA,NA,NA,yes,3.5.1
mime,/usr/local/lib/R/site-library,0.6,NA,NA,tools,NA,NA,NA,GPL,NA,NA,NA,NA,yes,3.5.1
multcomp,/usr/local/lib/R/site-library,1.4-8,NA,"stats, graphics, mvtnorm (>= 1.0-3), survival (>= 2.39-4),
TH.data (>= 1.0-2)","sandwich (>= 2.3-0), codetools",NA,"lme4 (>= 0.999375-16), nlme, robustbase, coin, MASS, car,
foreign, xtable, lmtest, coxme (>= 2.2-1), SimComp, ISwR",NA,GPL-2,NA,NA,NA,NA,no,3.5.1
munsell,/usr/local/lib/R/site-library,0.5.0,NA,NA,"colorspace, methods",NA,"ggplot2, testthat",NA,MIT + file LICENSE,NA,NA,NA,NA,no,3.5.1
mvtnorm,/usr/local/lib/R/site-library,1.0-8,NA,R(>= 1.9.0),"stats, methods",NA,NA,NA,GPL-2,NA,NA,NA,NA,yes,3.5.1
officer,/usr/local/lib/R/site-library,0.3.2,NA,NA,"Rcpp (>= 0.12.12), R6, grDevices, base64enc, zip,
digest,uuid,utils,stats, magrittr,htmltools, xml2 (>= 1.1.0)",Rcpp,"testthat, devEMF, knitr,tibble,ggplot2, rmarkdown",NA,GPL-3,NA,NA,NA,NA,yes,3.5.1
openssl,/usr/local/lib/R/site-library,2.0.2,NA,NA,askpass,NA,"curl, testthat (>= 2.1.0), digest, knitr, rmarkdown,
jsonlite, jose, sodium",NA,MIT + file LICENSE,NA,NA,NA,NA,yes,3.5.1
openxlsx,/usr/local/lib/R/site-library,4.1.0,NA,R (>= 3.3.0),"methods, Rcpp, grDevices, stats, utils, zip",Rcpp,"knitr, testthat",NA,MIT + file LICENSE,NA,NA,NA,NA,yes,3.5.1
pillar,/usr/local/lib/R/site-library,1.8.0,NA,NA,"cli (>= 2.3.0), fansi, glue, lifecycle, rlang (>= 1.0.2), utf8
(>= 1.1.0), utils, vctrs (>= 0.3.8)",NA,"bit64, debugme, DiagrammeR, dplyr, formattable, ggplot2,
knitr, lubridate, nanotime, nycflights13, palmerpenguins,
rmarkdown, scales, stringi, survival, testthat (>= 3.1.1),
tibble, units (>= 0.7.2), vdiffr, withr",NA,MIT + file LICENSE,NA,NA,NA,NA,no,3.5.1
pkgbuild,/usr/local/lib/R/site-library,1.0.2,NA,R (>= 3.1),"callr (>= 2.0.0), cli, crayon, desc, prettyunits, R6,
rprojroot, withr (>= 2.1.2)",NA,"Rcpp, testthat, covr",NA,GPL-3,NA,NA,NA,NA,no,3.5.1
pkgconfig,/usr/local/lib/R/site-library,2.0.3,NA,NA,utils,NA,"covr, testthat, disposables (>= 1.0.3)",NA,MIT + file LICENSE,NA,NA,NA,NA,no,3.5.1
pkgload,/usr/local/lib/R/site-library,1.0.2,NA,NA,"desc, methods, pkgbuild, rlang, rprojroot, rstudioapi, utils,
withr",NA,"bitops, covr, Rcpp, testthat",NA,GPL-3,NA,NA,NA,NA,yes,3.5.1
plogr,/usr/local/lib/R/site-library,0.2.0,NA,NA,NA,NA,Rcpp,NA,MIT + file LICENSE,NA,NA,NA,NA,no,3.5.1
plyr,/usr/local/lib/R/site-library,1.8.4,NA,R (>= 3.1.0),Rcpp (>= 0.11.0),Rcpp,"abind, testthat, tcltk, foreach, doParallel, itertools,
iterators, covr",NA,MIT + file LICENSE,NA,NA,NA,NA,yes,3.5.1
polspline,/usr/local/lib/R/site-library,1.1.13,NA,NA,"stats, graphics",NA,NA,NA,GPL (>= 2),NA,NA,NA,NA,yes,3.5.1
prettyunits,/usr/local/lib/R/site-library,1.0.2,NA,NA,"magrittr, assertthat, methods",NA,testthat,NA,MIT + file LICENSE,NA,NA,NA,NA,no,3.5.1
pROC,/usr/local/lib/R/site-library,1.13.0,NA,R (>= 2.14),"plyr, utils, methods, Rcpp (>= 0.11.1), ggplot2,",Rcpp,"microbenchmark, tcltk, MASS, logcondens, doParallel,
testthat, vdiffr",NA,GPL (>= 3),NA,NA,NA,NA,yes,3.5.1
processx,/usr/local/lib/R/site-library,3.2.1,NA,NA,"ps, R6, utils",NA,"callr, covr, crayon, debugme, parallel, testthat, withr",NA,MIT + file LICENSE,NA,NA,NA,NA,yes,3.5.1
promises,/usr/local/lib/R/site-library,1.0.1,NA,NA,"R6, Rcpp, later, rlang, stats, magrittr","later, Rcpp","testthat, future, knitr, rmarkdown",NA,MIT + file LICENSE,NA,NA,NA,NA,yes,3.5.1
PRROC,/usr/local/lib/R/site-library,1.3.1,NA,NA,NA,NA,"testthat, ggplot2, ROCR",NA,GPL-3,NA,NA,NA,NA,no,3.5.1
ps,/usr/local/lib/R/site-library,1.2.1,NA,R (>= 3.1),utils,NA,"callr, covr, curl, pingr, processx (>= 3.1.0), R6, rlang,
testthat, tibble",NA,BSD_3_clause + file LICENSE,NA,NA,NA,NA,yes,3.5.1
purrr,/usr/local/lib/R/site-library,0.3.4,NA,R (>= 3.2),"magrittr (>= 1.5), rlang (>= 0.3.1)",NA,"covr, crayon, dplyr (>= 0.7.8), knitr, rmarkdown, testthat,
tibble, tidyselect",NA,GPL-3 | file LICENSE,NA,NA,NA,NA,yes,3.5.1
quantreg,/usr/local/lib/R/site-library,5.38,NA,"R (>= 2.6), stats, SparseM","methods, graphics, Matrix, MatrixModels",NA,"tripack, akima, MASS, survival, rgl, logspline, nor1mix,
Formula, zoo",NA,GPL (>= 2),NA,NA,NA,NA,yes,3.5.1
R.methodsS3,/usr/local/lib/R/site-library,1.7.1,NA,R (>= 2.13.0),utils,NA,NA,NA,LGPL (>= 2.1),NA,NA,NA,NA,no,3.5.1
R.oo,/usr/local/lib/R/site-library,1.22.0,NA,"R (>= 2.13.0), R.methodsS3 (>= 1.7.1)","methods, utils",NA,tools,NA,LGPL (>= 2.1),NA,NA,NA,NA,no,3.5.1
R.utils,/usr/local/lib/R/site-library,2.7.0,NA,"R (>= 2.14.0), R.oo (>= 1.21.0)","methods, utils, tools, R.methodsS3 (>= 1.7.1)",NA,digest (>= 0.6.10),NA,LGPL (>= 2.1),NA,NA,NA,NA,no,3.5.1
R6,/usr/local/lib/R/site-library,2.3.0,NA,R (>= 3.0),NA,NA,"knitr, microbenchmark, pryr, testthat, ggplot2, scales",NA,MIT + file LICENSE,NA,NA,NA,NA,no,3.5.1
rcmdcheck,/usr/local/lib/R/site-library,1.3.2,NA,NA,"callr (>= 2.0.0), cli, crayon, desc (>= 1.2.0), digest,
pkgbuild, prettyunits, R6, rprojroot, sessioninfo (>= 1.1.1),
utils, withr, xopen",NA,"covr, knitr, mockery, rmarkdown, testthat",NA,MIT + file LICENSE,NA,NA,NA,NA,no,3.5.1
RColorBrewer,/usr/local/lib/R/site-library,1.1-2,NA,R (>= 2.0.0),NA,NA,NA,NA,Apache License 2.0,NA,NA,NA,NA,no,3.5.1
Rcpp,/usr/local/lib/R/site-library,1.0.9,NA,NA,"methods, utils",NA,"tinytest, inline, rbenchmark, pkgKitten (>= 0.1.2)",NA,GPL (>= 2),NA,NA,NA,NA,yes,3.5.1
RcppEigen,/usr/local/lib/R/site-library,0.3.3.5.0,NA,R (>= 2.15.1),"Matrix (>= 1.1-0), Rcpp (>= 0.11.0), stats, utils",Rcpp,"inline, RUnit, pkgKitten, microbenchmark",NA,GPL (>= 2) | file LICENSE,NA,NA,NA,NA,yes,3.5.1
readr,/usr/local/lib/R/site-library,1.3.0,NA,R (>= 3.1),"Rcpp (>= 0.12.0.5), tibble, hms (>= 0.4.1), R6, clipr, methods","Rcpp, BH","curl, testthat, knitr, rmarkdown, stringi, covr, spelling",NA,GPL (>= 2) | file LICENSE,NA,NA,NA,NA,yes,3.5.1
remotes,/usr/local/lib/R/site-library,2.0.2,NA,R (>= 3.0.0),"methods, utils",NA,"curl, covr, git2r (>= 0.23.0), knitr, mockery, pkgbuild (>=
1.0.1), pingr, rmarkdown, testthat, withr",NA,GPL (>= 2),NA,NA,NA,NA,no,3.5.1
renv,/usr/local/lib/R/site-library,0.14.0-140,NA,NA,utils,NA,"R6, BiocManager, cli, covr, devtools, knitr, miniUI, packrat, pak,
remotes, reticulate, rmarkdown, rstudioapi, shiny, testthat, uuid, yaml",NA,MIT + file LICENSE,NA,NA,NA,NA,NA,3.5.1
reshape2,/usr/local/lib/R/site-library,1.4.3,NA,R (>= 3.1),"plyr (>= 1.8.1), Rcpp, stringr",Rcpp,"covr, lattice, testthat (>= 0.8.0)",NA,MIT + file LICENSE,NA,NA,NA,NA,yes,3.5.1
reticulate,/usr/local/lib/R/site-library,1.1,NA,R (>= 3.0),"utils, graphics, jsonlite, Rcpp (>= 0.12.7), Matrix",Rcpp,"testthat, knitr, callr, rmarkdown",NA,Apache License 2.0,NA,NA,NA,NA,yes,3.5.1
rJava,/usr/local/lib/R/site-library,0.9-10,NA,"R (>= 2.5.0), methods",NA,NA,NA,NA,GPL-2,NA,NA,NA,NA,yes,3.5.1
RJSONIO,/usr/local/lib/R/site-library,1.3-1.1,NA,NA,methods,NA,NA,NA,BSD_3_clause + file LICENSE,NA,NA,NA,NA,yes,3.5.1
rlang,/usr/local/lib/R/site-library,0.3.0.1,NA,R (>= 3.1.0),NA,NA,"crayon, magrittr, methods, pillar, testthat (>= 2.0.0), covr",NA,GPL-3,NA,NA,NA,NA,yes,3.5.1
rms,/usr/local/lib/R/site-library,5.1-2,NA,"Hmisc (>= 4.1-0), survival (>= 2.40-1), lattice, ggplot2 (>=
2.2), SparseM","methods, quantreg, rpart, nlme (>= 3.1-123), polspline,
multcomp, htmlTable (>= 1.11.0), htmltools",NA,"boot, tcltk, plotly (>= 4.5.6)",NA,GPL (>= 2),NA,NA,NA,NA,yes,3.5.1
rprojroot,/usr/local/lib/R/site-library,1.3-2,NA,R (>= 3.0.0),backports,NA,"testthat, mockr, knitr, withr, rmarkdown",NA,GPL-3,NA,NA,NA,NA,no,3.5.1
RSQLite,/usr/local/lib/R/site-library,2.2.15,NA,R (>= 3.1.0),"bit64, blob (>= 1.2.0), DBI (>= 1.1.0), memoise, methods,
pkgconfig, Rcpp (>= 1.0.7)","plogr (>= 0.2.0), Rcpp","callr, DBItest (>= 1.7.0), gert, gh, knitr, rmarkdown, hms,
rvest, testthat, xml2",NA,LGPL (>= 2.1),NA,NA,NA,NA,yes,3.5.1
rstudioapi,/usr/local/lib/R/site-library,0.8,NA,NA,NA,NA,"testthat, knitr, rmarkdown",NA,MIT + file LICENSE,NA,NA,NA,NA,no,3.5.1
rvg,/usr/local/lib/R/site-library,0.1.9,NA,R (>= 3.0),"grDevices, Rcpp (>= 0.12.12), officer (>= 0.2.0), gdtools (>=
0.1.6), xml2 (>= 1.0.0)","Rcpp, gdtools","htmltools, testthat, covr, grid",NA,GPL-3,NA,NA,NA,NA,yes,3.5.1
sandwich,/usr/local/lib/R/site-library,2.5-0,NA,R (>= 2.10.0),"stats, utils, zoo",NA,"AER, car, geepack, lattice, lmtest, MASS, multiwayvcov,
parallel, pcse, plm, pscl, scatterplot3d, stats4, strucchange,
survival",NA,GPL-2 | GPL-3,NA,NA,NA,NA,no,3.5.1
scales,/usr/local/lib/R/site-library,1.0.0,NA,R (>= 3.1),"labeling, munsell (>= 0.5), R6, RColorBrewer, Rcpp,
viridisLite",Rcpp,"dichromat, bit64, covr, hms, testthat (>= 2.0)",NA,MIT + file LICENSE,NA,NA,NA,NA,yes,3.5.1
sessioninfo,/usr/local/lib/R/site-library,1.1.1,NA,NA,"cli, tools, utils, withr",NA,"callr, covr, mockery, testthat",NA,GPL-2,NA,NA,NA,NA,no,3.5.1
shiny,/usr/local/lib/R/site-library,1.2.0,NA,"R (>= 3.0.2), methods","utils, grDevices, httpuv (>= 1.4.4), mime (>= 0.3), jsonlite
(>= 0.9.16), xtable, digest, htmltools (>= 0.3.5), R6 (>= 2.0),
sourcetools, later (>= 0.7.2), promises (>= 1.0.1), tools,
crayon, rlang",NA,"datasets, Cairo (>= 1.5-5), testthat, knitr (>= 1.6),
markdown, rmarkdown, ggplot2, magrittr",NA,GPL-3 | file LICENSE,NA,NA,NA,NA,no,3.5.1
shinycssloaders,/usr/local/lib/R/site-library,0.2.0,NA,NA,"digest, glue, grDevices, shiny",NA,NA,NA,GPL-3,NA,NA,NA,NA,no,3.5.1
shinydashboard,/usr/local/lib/R/site-library,0.7.1,NA,R (>= 3.0),"utils, shiny (>= 1.0.0), htmltools (>= 0.2.6), promises",NA,NA,NA,GPL (>= 2) | file LICENSE,NA,NA,NA,NA,no,3.5.1
snow,/usr/local/lib/R/site-library,0.4-4,NA,"R (>= 2.13.1), utils",NA,NA,rlecuyer,Rmpi,GPL,NA,NA,NA,NA,no,3.5.1
sourcetools,/usr/local/lib/R/site-library,0.1.7,NA,R (>= 3.0.2),NA,NA,testthat,NA,MIT + file LICENSE,NA,NA,NA,NA,yes,3.5.1
SparseM,/usr/local/lib/R/site-library,1.77,NA,"R (>= 2.15), methods","graphics, stats, utils",NA,NA,NA,GPL (>= 2),NA,NA,NA,NA,yes,3.5.1
stringi,/usr/local/lib/R/site-library,1.7.8,NA,R (>= 3.1),"tools, utils, stats",NA,NA,NA,file LICENSE,NA,NA,NA,NA,yes,3.5.1
stringr,/usr/local/lib/R/site-library,1.4.0,NA,R (>= 3.1),"glue (>= 1.2.0), magrittr, stringi (>= 1.1.7)",NA,"covr, htmltools, htmlwidgets, knitr, rmarkdown, testthat",NA,GPL-2 | file LICENSE,NA,NA,NA,NA,no,3.5.1
sys,/usr/local/lib/R/site-library,3.4,NA,NA,NA,NA,"unix (>= 1.4), spelling, testthat",NA,MIT + file LICENSE,NA,NA,NA,NA,yes,3.5.1
TH.data,/usr/local/lib/R/site-library,1.0-9,NA,"R (>= 2.10.0), survival, MASS",NA,NA,"dplyr, gdata, plyr",NA,GPL-3,NA,NA,NA,NA,no,3.5.1
tibble,/usr/local/lib/R/site-library,3.1.7,NA,R (>= 3.1.0),"ellipsis (>= 0.3.2), fansi (>= 0.4.0), lifecycle (>= 1.0.0),
magrittr, methods, pillar (>= 1.7.0), pkgconfig, rlang (>=
1.0.1), utils, vctrs (>= 0.3.8)",NA,"bench, bit64, blob, brio, callr, cli, covr, crayon (>=
1.3.4), DiagrammeR, dplyr, evaluate, formattable, ggplot2, hms,
htmltools, knitr, lubridate, mockr, nycflights13, pkgbuild,
pkgload, purrr, rmarkdown, stringi, testthat (>= 3.0.2), tidyr,
withr",NA,MIT + file LICENSE,NA,NA,NA,NA,yes,3.5.1
tidyr,/usr/local/lib/R/site-library,0.8.2,NA,R (>= 3.1),"dplyr (>= 0.7.0), glue, magrittr, purrr, Rcpp, rlang, stringi,
tibble, tidyselect (>= 0.2.5)",Rcpp,"covr, gapminder, knitr, rmarkdown, testthat",NA,MIT + file LICENSE,NA,NA,NA,NA,yes,3.5.1
tidyselect,/usr/local/lib/R/site-library,1.1.2,NA,R (>= 3.2),"ellipsis, glue (>= 1.3.0), purrr (>= 0.3.2), rlang (>= 1.0.1),
vctrs (>= 0.3.0)",NA,"covr, crayon, dplyr, knitr, magrittr, rmarkdown, testthat (>=
3.1.1), tibble (>= 2.1.3), withr",NA,MIT + file LICENSE,NA,NA,NA,NA,yes,3.5.1
triebeard,/usr/local/lib/R/site-library,0.3.0,NA,NA,Rcpp,Rcpp,"knitr, rmarkdown, testthat",NA,MIT + file LICENSE,NA,NA,NA,NA,yes,3.5.1
urltools,/usr/local/lib/R/site-library,1.7.3,NA,R (>= 2.10),"Rcpp, methods, triebeard",Rcpp,"testthat, knitr",NA,MIT + file LICENSE,NA,NA,NA,NA,yes,3.5.1
usethis,/usr/local/lib/R/site-library,1.4.0,NA,R (>= 3.1),"clipr (>= 0.3.0), clisymbols, crayon, curl (>= 2.7), desc, fs
(>= 1.2.0), gh, git2r (>= 0.23), glue, rlang, rprojroot (>=
1.2), rstudioapi, utils, whisker",NA,"covr, knitr, magick, rmarkdown, roxygen2, spelling (>= 1.2),
styler (>= 1.0.2), testthat (>= 2.0.0), withr",NA,GPL-3,NA,NA,NA,NA,no,3.5.1
utf8,/usr/local/lib/R/site-library,1.2.2,NA,R (>= 2.10),NA,NA,"cli, covr, knitr, rlang, rmarkdown, testthat (>= 3.0.0),
withr",NA,Apache License (== 2.0) | file LICENSE,NA,NA,NA,NA,yes,3.5.1
uuid,/usr/local/lib/R/site-library,0.1-2,NA,R (>= 2.9.0),NA,NA,NA,NA,MIT + file LICENSE,NA,NA,NA,NA,yes,3.5.1
vctrs,/usr/local/lib/R/site-library,0.4.1,NA,R (>= 3.3),"cli (>= 3.2.0), glue, rlang (>= 1.0.2)",NA,"bit64, covr, crayon, dplyr (>= 0.8.5), generics, knitr,
pillar (>= 1.4.4), pkgdown (>= 2.0.1), rmarkdown, testthat (>=
3.0.0), tibble (>= 3.1.3), withr, xml2, waldo (>= 0.2.0),
zeallot",NA,MIT + file LICENSE,NA,NA,NA,NA,yes,3.5.1
viridis,/usr/local/lib/R/site-library,0.5.1,NA,"R (>= 2.10), viridisLite (>= 0.3.0)","stats, ggplot2 (>= 1.0.1), gridExtra",NA,"hexbin (>= 1.27.0), scales, MASS, knitr, dichromat,
colorspace, rasterVis, httr, mapproj, vdiffr, svglite (>=
1.2.0), testthat, covr, rmarkdown, rgdal",NA,MIT + file LICENSE,NA,NA,NA,NA,no,3.5.1
viridisLite,/usr/local/lib/R/site-library,0.3.0,NA,R (>= 2.10),NA,NA,"hexbin (>= 1.27.0), ggplot2 (>= 1.0.1), testthat, covr",NA,MIT + file LICENSE,NA,NA,NA,NA,no,3.5.1
whisker,/usr/local/lib/R/site-library,0.3-2,NA,NA,NA,NA,markdown,NA,GPL-3,NA,NA,NA,NA,no,3.5.1
withr,/usr/local/lib/R/site-library,2.1.2,NA,R (>= 3.0.2),"stats, graphics, grDevices",NA,"testthat, covr, lattice, DBI, RSQLite, methods, knitr,
rmarkdown",NA,GPL (>= 2),NA,NA,NA,NA,no,3.5.1
xfun,/usr/local/lib/R/site-library,0.4,NA,NA,tools,NA,"testit, parallel, rstudioapi, tinytex, mime, markdown, knitr,
htmltools, base64enc, rmarkdown",NA,MIT + file LICENSE,NA,NA,NA,NA,no,3.5.1
XML,/usr/local/lib/R/site-library,3.98-1.16,NA,"R (>= 2.13.0), methods, utils",NA,NA,"bitops, RCurl",NA,BSD_2_clause + file LICENSE,NA,NA,NA,NA,yes,3.5.1
xml2,/usr/local/lib/R/site-library,1.3.3,NA,R (>= 3.1.0),methods,NA,"covr, curl, httr, knitr, magrittr, mockery, rmarkdown,
testthat (>= 2.1.0)",NA,MIT + file LICENSE,NA,NA,NA,NA,yes,3.5.1
xopen,/usr/local/lib/R/site-library,1.0.0,NA,R (>= 3.1),processx,NA,"ps, testthat",NA,MIT + file LICENSE,NA,NA,NA,NA,no,3.5.1
xtable,/usr/local/lib/R/site-library,1.8-3,NA,R (>= 2.10.0),"stats, utils",NA,"knitr, spdep, splm, sphet, plm, zoo, survival",NA,GPL (>= 2),NA,NA,NA,NA,no,3.5.1
yaml,/usr/local/lib/R/site-library,2.2.0,NA,NA,NA,NA,RUnit,NA,BSD_3_clause + file LICENSE,NA,NA,NA,NA,yes,3.5.1
zip,/usr/local/lib/R/site-library,2.2.0,NA,NA,NA,NA,"covr, processx, R6, testthat, withr",NA,MIT + file LICENSE,NA,NA,NA,NA,yes,3.5.1
zoo,/usr/local/lib/R/site-library,1.8-4,NA,"R (>= 3.1.0), stats","utils, graphics, grDevices, lattice (>= 0.20-27)",NA,"coda, chron, DAAG, fts, ggplot2, mondate, scales,
strucchange, timeDate, timeSeries, tis, tseries, xts",NA,GPL-2 | GPL-3,NA,NA,NA,NA,yes,3.5.1
base,/usr/local/lib/R/library,3.5.1,base,NA,NA,NA,methods,NA,Part of R 3.5.1,NA,NA,NA,NA,NA,3.5.1
boot,/usr/local/lib/R/library,1.3-20,recommended,"R (>= 3.0.0), graphics, stats",NA,NA,"MASS, survival",NA,Unlimited,NA,NA,NA,NA,no,3.5.1
class,/usr/local/lib/R/library,7.3-14,recommended,"R (>= 3.0.0), stats, utils",MASS,NA,NA,NA,GPL-2 | GPL-3,NA,NA,NA,NA,yes,3.5.1
cluster,/usr/local/lib/R/library,2.0.7-1,recommended,R (>= 3.2.0),"graphics, grDevices, stats, utils",NA,"MASS, Matrix",NA,GPL (>= 2),NA,NA,NA,NA,yes,3.5.1
codetools,/usr/local/lib/R/library,0.2-15,recommended,R (>= 2.1),NA,NA,NA,NA,GPL,NA,NA,NA,NA,no,3.5.1
compiler,/usr/local/lib/R/library,3.5.1,base,NA,NA,NA,NA,NA,Part of R 3.5.1,NA,NA,NA,NA,NA,3.5.1
datasets,/usr/local/lib/R/library,3.5.1,base,NA,NA,NA,NA,NA,Part of R 3.5.1,NA,NA,NA,NA,NA,3.5.1
foreign,/usr/local/lib/R/library,0.8-70,recommended,R (>= 3.0.0),"methods, utils, stats",NA,NA,NA,GPL (>= 2),NA,NA,NA,NA,yes,3.5.1
graphics,/usr/local/lib/R/library,3.5.1,base,NA,grDevices,NA,NA,NA,Part of R 3.5.1,NA,NA,NA,NA,yes,3.5.1
grDevices,/usr/local/lib/R/library,3.5.1,base,NA,NA,NA,KernSmooth,NA,Part of R 3.5.1,NA,NA,NA,NA,yes,3.5.1
grid,/usr/local/lib/R/library,3.5.1,base,NA,"grDevices, utils",NA,lattice,NA,Part of R 3.5.1,NA,NA,NA,NA,yes,3.5.1
KernSmooth,/usr/local/lib/R/library,2.23-15,recommended,"R (>= 2.5.0), stats",NA,NA,MASS,NA,Unlimited,NA,NA,NA,NA,yes,3.5.1
lattice,/usr/local/lib/R/library,0.20-35,recommended,R (>= 3.0.0),"grid, grDevices, graphics, stats, utils",NA,"KernSmooth, MASS, latticeExtra",chron,GPL (>= 2),NA,NA,NA,NA,yes,3.5.1
MASS,/usr/local/lib/R/library,7.3-50,recommended,"R (>= 3.1.0), grDevices, graphics, stats, utils",methods,NA,"lattice, nlme, nnet, survival",NA,GPL-2 | GPL-3,NA,NA,NA,NA,yes,3.5.1
Matrix,/usr/local/lib/R/library,1.2-14,recommended,R (>= 3.2.0),"methods, graphics, grid, stats, utils, lattice",NA,"expm, MASS","MatrixModels, graph, SparseM, sfsmisc",GPL (>= 2) | file LICENCE,NA,NA,NA,NA,yes,3.5.1
methods,/usr/local/lib/R/library,3.5.1,base,NA,"utils, stats",NA,codetools,NA,Part of R 3.5.1,NA,NA,NA,NA,yes,3.5.1
mgcv,/usr/local/lib/R/library,1.8-24,recommended,"R (>= 2.14.0), nlme (>= 3.1-64)","methods, stats, graphics, Matrix",NA,"splines, parallel, survival, MASS",NA,GPL (>= 2),NA,NA,NA,NA,yes,3.5.1
nlme,/usr/local/lib/R/library,3.1-137,recommended,R (>= 3.4.0),"graphics, stats, utils, lattice",NA,"Hmisc, MASS",NA,GPL (>= 2) | file LICENCE,NA,NA,NA,NA,yes,3.5.1
nnet,/usr/local/lib/R/library,7.3-12,recommended,"R (>= 2.14.0), stats, utils",NA,NA,MASS,NA,GPL-2 | GPL-3,NA,NA,NA,NA,yes,3.5.1
parallel,/usr/local/lib/R/library,3.5.1,base,NA,"tools, compiler",NA,methods,"snow, nws, Rmpi",Part of R 3.5.1,NA,NA,NA,NA,yes,3.5.1
rpart,/usr/local/lib/R/library,4.1-13,recommended,"R (>= 2.15.0), graphics, stats, grDevices",NA,NA,survival,NA,GPL-2 | GPL-3,NA,NA,NA,NA,yes,3.5.1
spatial,/usr/local/lib/R/library,7.3-11,recommended,"R (>= 3.0.0), graphics, stats, utils",NA,NA,MASS,NA,GPL-2 | GPL-3,NA,NA,NA,NA,yes,3.5.1
splines,/usr/local/lib/R/library,3.5.1,base,NA,"graphics, stats",NA,"Matrix, methods",NA,Part of R 3.5.1,NA,NA,NA,NA,yes,3.5.1
stats,/usr/local/lib/R/library,3.5.1,base,NA,"utils, grDevices, graphics",NA,"MASS, Matrix, SuppDists, methods, stats4",NA,Part of R 3.5.1,NA,NA,NA,NA,yes,3.5.1
stats4,/usr/local/lib/R/library,3.5.1,base,NA,"graphics, methods, stats",NA,NA,NA,Part of R 3.5.1,NA,NA,NA,NA,NA,3.5.1
survival,/usr/local/lib/R/library,2.42-3,recommended,R (>= 2.13.0),"graphics, Matrix, methods, splines, stats, utils",NA,NA,NA,LGPL (>= 2),NA,NA,NA,NA,yes,3.5.1
tcltk,/usr/local/lib/R/library,3.5.1,base,NA,utils,NA,NA,NA,Part of R 3.5.1,NA,NA,NA,NA,yes,3.5.1
tools,/usr/local/lib/R/library,3.5.1,base,NA,NA,NA,"codetools, methods, xml2, curl",NA,Part of R 3.5.1,NA,NA,NA,NA,yes,3.5.1
utils,/usr/local/lib/R/library,3.5.1,base,NA,NA,NA,"methods, xml2, commonmark",NA,Part of R 3.5.1,NA,NA,NA,NA,yes,3.5.1
